<application>
  <component name="FileTypeManager" version="18">
    <ignoreFiles list="*$py.class;*.pyc;*.pyo;*.rbc;*.yarb;*~;.DS_Store;.git;.hg;.svn;CVS;__pycache__;_svn;vssver.scc;vssver2.scc;" />
    <extensionMap>
      <mapping pattern="test" type="AUTO_DETECTED" />
      <mapping pattern="test3" type="AUTO_DETECTED" />
      <mapping pattern="test2" type="AUTO_DETECTED" />
      <mapping ext="in" type="PLAIN_TEXT" />
      <mapping ext="out" type="PLAIN_TEXT" />
    </extensionMap>
  </component>
</application>