<application>
  <component name="WebServers">
    <option name="servers">
      <webServer id="ecd0d390-4cdd-460b-9a9c-71dec7937039" name="rpvio-docker (ecd0d390-4cdd-460b-9a9c-71dec7937039)" url="http:///">
        <fileTransfer accessType="SFTP" host="localhost" port="2222" sshConfigId="d588b0c8-41f2-41d1-b5a7-74b39b81a814" sshConfig="user@localhost:2222 password" />
      </webServer>
      <webServer id="d9c91af4-61e4-4cda-8e25-28565b5a770d" name="rpvio-docker (d9c91af4-61e4-4cda-8e25-28565b5a770d)" url="http:///">
        <fileTransfer accessType="SFTP" host="localhost" port="2222" sshConfigId="d588b0c8-41f2-41d1-b5a7-74b39b81a814" sshConfig="user@localhost:2222 password" />
      </webServer>
      <webServer id="40131dbd-9501-46f7-8f22-38414da38184" name="rpvio-docker (40131dbd-9501-46f7-8f22-38414da38184)" url="http:///">
        <fileTransfer accessType="SFTP" host="localhost" port="2222" sshConfigId="d588b0c8-41f2-41d1-b5a7-74b39b81a814" sshConfig="user@localhost:2222 password" />
      </webServer>
    </option>
  </component>
</application>