<keymap version="1" name="VSCode copy" parent="VSCode">
  <action id="ActivateProjectToolWindow">
    <keyboard-shortcut first-keystroke="shift ctrl e" />
    <keyboard-shortcut first-keystroke="ctrl b" />
  </action>
  <action id="HideSideWindows" />
  <action id="RecentFiles" />
  <action id="Run">
    <keyboard-shortcut first-keystroke="ctrl r" />
  </action>
  <action id="ShowIntentionActions">
    <keyboard-shortcut first-keystroke="ctrl period" />
    <keyboard-shortcut first-keystroke="ctrl semicolon" />
  </action>
</keymap>